time,win,loss,prim_tent,prim_gale,seg_gale,white,black,red
2022-08-30 20:06:59.435875,1,0,1,0,0,0,1,0
2022-08-30 20:09:54.223171,1,0,0,1,0,0,1,0
2022-08-30 20:11:54.306804,1,0,1,0,0,0,0,1
2022-08-30 20:13:54.879917,1,0,0,0,1,0,1,0
2022-08-30 20:15:24.473590,1,0,0,1,0,0,0,1
2022-08-30 20:16:54.623583,1,0,0,1,0,0,1,0
2022-08-30 20:18:54.692137,0,1,0,0,0,0,0,0
2022-08-30 20:20:24.591865,1,0,0,1,0,0,0,1
2022-08-30 20:21:24.836307,1,0,1,0,0,0,1,0
2022-08-30 20:23:55.476978,0,1,0,0,0,0,0,0
2022-08-30 20:27:54.980404,1,0,1,0,0,0,1,0
2022-08-30 20:29:25.724518,1,0,0,1,0,0,0,1
2022-08-30 20:30:55.253453,1,0,1,0,0,0,0,1
2022-08-30 20:32:25.096569,1,0,0,1,0,0,1,0
2022-08-30 20:33:55.319050,1,0,0,1,0,0,0,1
2022-08-30 20:36:55.235602,1,0,0,1,0,1,1,0
2022-08-30 20:38:48.115865,1,0,1,0,0,1,1,0
2022-08-30 20:41:07.843479,1,0,0,0,1,0,1,0
2022-08-30 20:42:38.555869,1,0,1,0,0,0,1,0
2022-08-30 20:43:38.542513,1,0,1,0,0,0,0,1
2022-08-30 20:45:08.717031,1,0,1,0,0,0,0,1
2022-08-30 20:50:47.350636,1,0,0,1,0,0,0,1
2022-08-30 20:51:53.406158,1,0,1,0,0,0,1,0
2022-08-30 20:54:58.989969,1,0,1,0,0,0,0,1
2022-08-30 20:55:59.126016,1,0,1,0,0,0,1,0
2022-08-30 20:56:59.137292,1,0,1,0,0,0,0,1
2022-08-30 20:58:32.469298,1,0,0,1,0,0,1,0
2022-08-30 21:00:32.047679,1,0,1,0,0,0,0,1
2022-08-30 21:02:01.800082,1,0,0,1,0,0,1,0
2022-08-30 21:03:01.832334,1,0,1,0,0,0,0,1
2022-08-30 21:05:01.922800,1,0,1,0,0,0,1,0
2022-08-30 21:06:01.797622,1,0,1,0,0,0,0,1
2022-08-30 21:09:02.115861,1,0,0,0,1,0,1,0
2022-08-30 21:10:02.100344,1,0,1,0,0,1,1,0
2022-08-30 21:13:02.262650,1,0,0,0,1,0,1,0
2022-08-30 21:14:02.207983,1,0,1,0,0,0,0,1
2022-08-30 21:37:03.138123,1,0,1,0,0,0,0,1
2022-08-30 21:39:03.084162,1,0,0,0,1,0,1,0
2022-08-30 21:40:34.013260,1,0,1,0,0,0,1,0
2022-08-30 21:45:03.378113,0,1,0,0,0,0,0,0
2022-08-30 21:49:03.485094,1,0,0,1,0,0,0,1
2022-08-30 21:52:33.667997,1,0,0,1,0,1,1,0
2022-08-30 21:55:03.700666,1,0,0,1,0,0,0,1
2022-08-30 21:56:35.283746,1,0,1,0,0,0,0,1
2022-08-30 21:57:33.889478,1,0,1,0,0,0,1,0
2022-08-30 22:09:39.869909,1,0,0,1,0,0,0,1
2022-08-30 22:11:04.447167,1,0,0,1,0,1,1,0
2022-08-30 22:13:04.592560,1,0,0,1,0,0,1,0
2022-08-30 22:14:34.737231,1,0,1,0,0,0,1,0
2022-08-30 22:16:34.663766,0,1,0,0,0,0,0,0
2022-08-30 22:17:34.687747,1,0,1,0,0,0,0,1
2022-08-30 22:18:34.762960,1,0,1,0,0,1,1,0
2022-08-30 22:21:35.374359,1,0,1,0,0,0,1,0
2022-08-30 22:23:04.859163,1,0,1,0,0,0,1,0
2022-08-30 22:25:34.997097,1,0,0,0,1,1,1,0
2022-08-30 22:28:05.113290,1,0,1,0,0,0,1,0
2022-08-30 22:29:35.144875,1,0,1,0,0,0,1,0
2022-08-30 22:30:36.016373,1,0,1,0,0,0,0,1
2022-08-30 22:31:35.553357,1,0,1,0,0,0,1,0
2022-08-30 22:32:35.774689,1,0,1,0,0,0,0,1
2022-08-30 22:34:35.232141,1,0,0,0,1,0,1,0
2022-08-30 22:35:35.441797,1,0,1,0,0,1,1,0
2022-08-30 22:38:05.385560,1,0,0,0,1,0,1,0
2022-08-30 22:40:35.433846,1,0,1,0,0,0,1,0
2022-08-30 22:42:05.503282,1,0,1,0,0,0,1,0
2022-08-30 22:44:05.753689,1,0,0,0,1,0,0,1
2022-08-30 22:45:35.754308,1,0,0,1,0,0,1,0
2022-08-30 22:47:05.739109,1,0,0,1,0,0,0,1
2022-08-30 22:49:05.778386,1,0,1,0,0,0,1,0
2022-08-30 22:51:36.026645,1,0,0,0,1,0,1,0
2022-08-30 22:54:36.130376,1,0,0,1,0,0,1,0
2022-08-30 22:56:06.232556,1,0,1,0,0,0,1,0
2022-08-30 22:58:06.124144,1,0,0,0,1,0,0,1
2022-08-30 23:01:36.642064,1,0,1,0,0,0,0,1
2022-08-30 23:03:42.743047,1,0,1,0,0,0,1,0
2022-08-30 23:07:06.498717,0,1,0,0,0,0,0,0
2022-08-30 23:09:44.203915,0,1,0,0,0,0,0,0
2022-08-30 23:10:36.662341,1,0,1,0,0,1,1,0
2022-08-30 23:12:06.884284,1,0,1,0,0,0,0,1
2022-08-30 23:14:07.412326,1,0,1,0,0,0,0,1
2022-08-30 23:16:36.868035,1,0,0,1,0,0,1,0
2022-08-30 23:19:36.944789,1,0,0,0,1,0,0,1
2022-08-30 23:21:37.077396,1,0,0,0,1,0,1,0
2022-08-30 23:24:07.545095,1,0,0,1,0,0,0,1
2022-08-30 23:26:37.194784,0,1,0,0,0,0,0,0
2022-08-30 23:30:07.538645,1,0,0,1,0,1,1,0
2022-08-30 23:32:37.512169,1,0,0,1,0,0,1,0
2022-08-30 23:35:07.714488,1,0,1,0,0,0,1,0
2022-08-30 23:36:37.632615,1,0,0,1,0,0,0,1
2022-08-30 23:39:37.790043,1,0,0,0,1,0,1,0
2022-08-30 23:41:37.845089,1,0,0,1,0,0,1,0
2022-08-30 23:43:07.847135,1,0,1,0,0,0,1,0
2022-08-30 23:44:38.087261,1,0,0,1,0,0,0,1
2022-08-30 23:45:38.141787,1,0,1,0,0,0,1,0
2022-08-30 23:49:19.743153,1,0,0,1,0,0,0,1
2022-08-30 23:52:38.410844,0,1,0,0,0,0,0,0
2022-08-30 23:53:38.389604,1,0,1,0,0,0,0,1
2022-08-30 23:55:38.646031,1,0,0,1,0,0,0,1
2022-08-30 23:57:08.735338,1,0,0,1,0,0,1,0
2022-08-31 00:00:39.421835,0,1,0,0,0,0,0,0
2022-08-31 00:02:38.959111,1,0,1,0,0,0,1,0
2022-08-31 00:09:39.193643,1,0,1,0,0,0,1,0
2022-08-31 00:11:09.392159,1,0,1,0,0,0,1,0
2022-08-31 00:12:09.380970,1,0,1,0,0,0,0,1
2022-08-31 00:13:39.391230,1,0,0,1,0,0,1,0
2022-08-31 00:15:09.578687,1,0,0,1,0,0,0,1
2022-08-31 00:17:14.675784,1,0,1,0,0,0,1,0
2022-08-31 00:22:09.689039,1,0,1,0,0,0,0,1
2022-08-31 00:24:39.752966,1,0,0,1,0,0,1,0
2022-09-02 19:01:54.280794,1,0,0,1,0,0,0,1
2022-09-02 19:03:24.212553,1,0,0,1,0,0,1,0
2022-09-02 19:04:38.079289,1,0,1,0,0,0,0,1
2022-09-02 19:05:30.447782,1,0,1,0,0,0,1,0
2022-09-02 19:07:30.476148,0,1,0,0,0,0,0,0
2022-09-02 19:08:36.085576,1,0,1,0,0,0,0,1
2022-09-02 19:09:30.603965,1,0,1,0,0,0,1,0
2022-09-02 19:11:29.346479,1,0,0,1,0,0,1,0
2022-09-02 19:12:58.995175,1,0,1,0,0,0,1,0
2022-09-02 19:14:59.168921,1,0,0,0,1,0,0,1
2022-09-02 19:16:59.295973,1,0,1,0,0,0,1,0
2022-09-02 19:18:29.254582,1,0,0,1,0,0,0,1
2022-09-02 19:19:29.131041,1,0,1,0,0,0,1,0
2022-09-02 19:20:29.558319,1,0,1,0,0,0,0,1
2022-09-02 19:22:29.807119,1,0,0,1,0,0,0,1
2022-09-02 19:23:29.646923,1,0,1,0,0,0,1,0
2022-09-02 19:24:59.725282,1,0,0,1,0,0,0,1
2022-09-02 19:25:59.836101,1,0,1,0,0,0,1,0
2022-09-02 19:26:59.925593,1,0,1,0,0,0,0,1
2022-09-02 19:29:30.076246,1,0,1,0,0,0,0,1
2022-09-02 19:33:30.605188,1,0,1,0,0,0,0,1
2022-09-02 19:36:13.859472,1,0,1,0,0,0,1,0
2022-09-02 19:37:00.318997,1,0,1,0,0,0,0,1
2022-09-02 19:38:30.219799,1,0,1,0,0,0,0,1
2022-09-02 19:42:30.716585,1,0,1,0,0,0,1,0
2022-09-02 19:44:30.618854,1,0,0,1,0,0,1,0
2022-09-02 19:45:36.714085,1,0,1,0,0,1,1,0
2022-09-02 19:48:00.728019,0,1,0,0,0,0,0,0
2022-09-02 19:49:30.957841,1,0,0,1,0,0,1,0
2022-09-02 19:52:00.995129,1,0,1,0,0,1,1,0
2022-09-02 19:55:30.986670,0,1,0,0,0,0,0,0
2022-09-02 19:57:31.117631,1,0,1,0,0,0,0,1
2022-09-02 19:59:01.277985,1,0,1,0,0,0,0,1
2022-09-02 20:01:08.169065,1,0,0,0,1,0,1,0
2022-09-02 20:02:01.250326,1,0,1,0,0,1,1,0
2022-09-02 20:03:01.341115,1,0,1,0,0,0,1,0
2022-09-02 20:04:32.038530,1,0,0,1,0,0,0,1
2022-09-02 20:07:01.627609,1,0,0,0,1,0,0,1
2022-09-02 20:08:31.649807,1,0,0,1,0,0,1,0
2022-09-02 20:10:31.651065,1,0,1,0,0,0,0,1
2022-09-02 20:13:32.117598,1,0,0,1,0,1,1,0
2022-09-02 20:15:32.301392,1,0,1,0,0,0,0,1
2022-09-02 20:16:32.334146,1,0,1,0,0,0,1,0
2022-09-02 20:17:32.461062,1,0,1,0,0,0,0,1
2022-09-02 20:20:32.482618,1,0,0,0,1,0,1,0
2022-09-02 20:22:32.506376,1,0,0,0,1,0,0,1
2022-09-02 20:26:47.066347,1,0,1,0,0,0,1,0
2022-09-02 20:28:58.669868,1,0,1,0,0,0,0,1
2022-09-02 20:29:44.685639,1,0,1,0,0,0,1,0
2022-09-02 20:32:33.197571,1,0,1,0,0,0,1,0
2022-09-02 20:35:00.957184,0,1,0,0,0,0,0,0
2022-09-02 20:36:03.385494,1,0,1,0,0,0,1,0
2022-09-02 20:38:10.840226,0,1,0,0,0,0,0,0
2022-09-02 21:57:28.803341,1,0,1,0,0,1,1,0
2022-09-02 21:58:58.786711,1,0,1,0,0,0,1,0
2022-09-02 21:59:58.881950,1,0,1,0,0,0,0,1
2022-09-02 22:03:58.967532,1,0,1,0,0,0,1,0
2022-09-02 22:05:29.095427,1,0,1,0,0,0,1,0
2022-09-02 22:07:29.996059,1,0,0,1,0,0,1,0
2022-09-02 22:08:29.789456,1,0,1,0,0,0,0,1
2022-09-02 22:09:30.339142,1,0,1,0,0,0,1,0
2022-09-02 22:10:30.483359,1,0,1,0,0,0,0,1
2022-09-02 22:11:30.423886,1,0,1,0,0,1,1,0
2022-09-02 22:16:00.681385,0,1,0,0,0,0,0,0
2022-09-02 22:19:00.803034,1,0,0,1,0,0,1,0
2022-09-02 22:21:05.914367,1,0,0,1,0,0,1,0
2022-09-02 22:25:31.384869,1,0,1,0,0,1,1,0
2022-09-03 07:50:59.892413,1,0,0,0,1,0,1,0
2022-09-03 07:53:25.470798,1,0,1,0,0,0,1,0
2022-09-03 07:54:55.314913,1,0,0,1,0,0,0,1
2022-09-03 07:55:55.502683,1,0,1,0,0,1,1,0
2022-09-03 07:58:55.996651,1,0,0,1,0,1,1,0
2022-09-03 08:01:01.333483,1,0,0,1,0,0,0,1
2022-09-03 08:02:55.773327,0,1,0,0,0,0,0,0
2022-09-03 08:05:58.202562,1,0,0,0,1,0,1,0
2022-09-03 08:06:55.968900,1,0,1,0,0,0,0,1
2022-09-03 08:08:25.949019,1,0,0,1,0,0,1,0
2022-09-03 08:09:59.713868,1,0,1,0,0,0,1,0
2022-09-03 08:10:56.012253,1,0,1,0,0,1,1,0
2022-09-03 08:11:56.083902,1,0,1,0,0,0,0,1
2022-09-03 08:13:26.138787,1,0,1,0,0,0,0,1
2022-09-03 08:16:06.324162,1,0,1,0,0,0,1,0
2022-09-03 08:18:26.280064,1,0,0,1,0,0,0,1
2022-09-03 08:21:35.540739,1,0,1,0,0,0,0,1
2022-09-03 08:25:00.962944,1,0,0,0,1,0,0,1
2022-09-03 08:26:26.619595,1,0,1,0,0,0,0,1
2022-09-03 08:27:56.733482,1,0,0,1,0,0,1,0
2022-09-03 08:29:26.694788,1,0,0,1,0,0,0,1
2022-09-03 08:30:26.840714,1,0,1,0,0,1,1,0
2022-09-03 08:32:26.867593,1,0,1,0,0,0,1,0
2022-09-03 08:33:26.889336,1,0,1,0,0,0,0,1
2022-09-03 08:35:57.042513,1,0,1,0,0,0,0,1
2022-09-03 08:37:57.124719,1,0,0,1,0,0,0,1
2022-09-03 08:40:07.764862,0,1,0,0,0,0,0,0
2022-09-03 08:42:28.128556,1,0,0,0,1,0,0,1
2022-09-03 08:43:58.328277,1,0,0,1,0,0,1,0
2022-09-03 08:48:58.485356,1,0,0,0,1,0,0,1
2022-09-03 08:49:58.409394,1,0,1,0,0,0,1,0
2022-09-03 08:52:28.655765,1,0,1,0,0,0,1,0
2022-09-03 08:53:58.709950,1,0,1,0,0,0,1,0
2022-09-03 08:54:58.641100,1,0,1,0,0,0,0,1
2022-09-03 08:56:28.840999,1,0,1,0,0,0,0,1
2022-09-03 08:57:29.391964,1,0,1,0,0,0,1,0
2022-09-03 09:00:03.897310,1,0,0,1,0,0,0,1
2022-09-03 09:00:58.922316,1,0,1,0,0,0,1,0
2022-09-03 09:01:59.044807,1,0,1,0,0,0,0,1
2022-09-03 09:05:59.096083,1,0,0,0,1,0,1,0
2022-09-03 09:07:38.630616,1,0,1,0,0,0,1,0
2022-09-03 09:08:59.250040,1,0,0,1,0,0,0,1
2022-09-03 09:10:29.161638,1,0,0,1,0,0,1,0
2022-09-03 09:11:59.438894,1,0,1,0,0,0,1,0
2022-09-03 09:13:29.423226,1,0,1,0,0,0,1,0
2022-09-03 09:15:59.421057,1,0,0,0,1,0,1,0
2022-09-03 09:17:59.468215,1,0,0,0,1,0,0,1
2022-09-03 09:19:02.052968,1,0,1,0,0,0,1,0
2022-09-03 09:23:59.783586,1,0,1,0,0,1,1,0
2022-09-03 09:26:29.923438,1,0,1,0,0,0,1,0
2022-09-03 09:28:00.008950,1,0,1,0,0,0,1,0
2022-09-03 09:30:00.049829,1,0,1,0,0,0,0,1
2022-09-03 09:31:29.996084,1,0,1,0,0,1,1,0
2022-09-03 09:37:02.158190,1,0,0,1,0,0,1,0
2022-09-03 09:41:11.561820,1,0,0,0,1,0,0,1
2022-09-03 09:43:00.573822,1,0,0,0,1,0,1,0
2022-09-03 09:44:30.528232,1,0,0,1,0,0,0,1
2022-09-03 09:47:30.737498,1,0,1,0,0,0,0,1
2022-09-03 09:48:36.871926,1,0,1,0,0,0,1,0
2022-09-03 09:52:31.024693,1,0,0,1,0,0,1,0
2022-09-03 09:55:31.070439,0,1,0,0,0,0,0,0
2022-09-03 09:57:39.375710,1,0,0,0,1,1,1,0
2022-09-03 10:00:01.165178,1,0,1,0,0,0,0,1
2022-09-03 10:02:10.509288,1,0,0,1,0,0,0,1
2022-09-03 10:04:09.258425,1,0,0,1,0,1,1,0
2022-09-03 10:06:09.100897,1,0,1,0,0,0,0,1
2022-09-03 10:08:09.293534,1,0,0,0,1,0,1,0
2022-09-03 10:10:39.561400,1,0,0,1,0,0,0,1
2022-09-03 10:12:09.505238,1,0,0,1,0,1,1,0
2022-09-03 10:13:09.669119,1,0,1,0,0,0,1,0
2022-09-03 10:14:40.073303,1,0,0,1,0,0,0,1
2022-09-03 10:17:09.643563,1,0,0,1,0,0,1,0
2022-09-03 10:21:40.083302,1,0,1,0,0,0,1,0
2022-09-03 10:22:43.197084,1,0,1,0,0,0,0,1
2022-09-03 10:26:40.240707,1,0,0,1,0,0,0,1
2022-09-03 10:28:10.338256,1,0,1,0,0,0,0,1
2022-09-03 10:30:10.437124,0,1,0,0,0,0,0,0
2022-09-03 10:31:42.514708,1,0,1,0,0,0,0,1
2022-09-03 10:33:40.425064,1,0,0,1,0,0,0,1
2022-09-03 10:36:10.526564,1,0,0,1,0,0,1,0
2022-09-03 10:38:11.639724,1,0,0,1,0,0,1,0
2022-09-03 10:39:40.919953,1,0,0,1,0,0,0,1
2022-09-03 10:45:29.012837,0,1,0,0,0,0,0,0
2022-09-03 11:05:41.907728,0,1,0,0,0,0,0,0
2022-09-03 11:06:42.090584,1,0,1,0,0,1,1,0
2022-09-03 11:09:12.233020,1,0,1,0,0,0,0,1
2022-09-03 11:10:12.910649,1,0,1,0,0,0,1,0
2022-09-03 11:12:46.189973,1,0,1,0,0,0,0,1
2022-09-03 11:16:42.390970,1,0,0,0,1,0,0,1
2022-09-03 11:18:12.515977,1,0,0,1,0,1,1,0
2022-09-03 11:20:46.310771,1,0,0,1,0,0,0,1
2022-09-03 11:21:42.573521,1,0,1,0,0,0,1,0
2022-09-03 11:24:12.776371,1,0,0,1,0,0,1,0
2022-09-03 11:26:12.805545,1,0,1,0,0,0,0,1
2022-09-03 11:27:13.056496,1,0,1,0,0,0,1,0
2022-09-03 11:28:12.974595,1,0,1,0,0,0,0,1
2022-09-03 11:31:13.082392,1,0,0,1,0,0,1,0
2022-09-03 11:33:13.951190,1,0,1,0,0,0,0,1
2022-09-03 11:34:43.301326,1,0,0,1,0,0,1,0
2022-09-03 11:36:13.836308,1,0,0,1,0,0,0,1
2022-09-03 11:37:54.582827,1,0,0,1,0,0,1,0
2022-09-03 11:39:13.532237,1,0,1,0,0,0,1,0
2022-09-03 11:40:13.649116,1,0,1,0,0,0,0,1
2022-09-03 11:44:13.753002,1,0,1,0,0,0,1,0
2022-09-03 11:45:55.329782,1,0,0,1,0,0,0,1
2022-09-03 11:47:43.948462,1,0,0,0,1,1,1,0
2022-09-03 11:50:44.022615,1,0,0,0,1,0,0,1
2022-09-03 11:51:47.599139,1,0,1,0,0,0,1,0
2022-09-03 11:53:14.040615,1,0,1,0,0,0,1,0
2022-09-03 11:54:44.221153,1,0,1,0,0,0,1,0
2022-09-03 11:56:14.587390,1,0,0,1,0,0,0,1
2022-09-03 11:58:14.257605,1,0,0,0,1,0,1,0
2022-09-03 12:00:14.475432,1,0,0,1,0,1,1,0
2022-09-03 12:03:15.778110,1,0,1,0,0,1,1,0
2022-09-03 12:06:55.213323,1,0,1,0,0,0,0,1
2022-09-03 12:08:14.817272,1,0,0,1,0,0,1,0
2022-09-03 12:09:44.963109,1,0,1,0,0,0,1,0
2022-09-03 12:10:45.086570,1,0,1,0,0,0,0,1
2022-09-03 12:12:44.968769,1,0,1,0,0,0,1,0
2022-09-03 12:17:15.343512,0,1,0,0,0,0,0,0
2022-09-03 12:18:15.360765,1,0,1,0,0,0,1,0
2022-09-03 12:20:18.218167,0,1,0,0,0,0,0,0
2022-09-03 12:21:15.474199,1,0,1,0,0,0,0,1
2022-09-03 12:22:15.571275,1,0,1,0,0,1,1,0
2022-09-03 12:24:45.612878,1,0,0,0,1,0,1,0
2022-09-03 12:26:45.570124,1,0,0,0,1,0,0,1
2022-09-03 12:29:45.760402,1,0,0,1,0,0,0,1
2022-09-03 12:31:16.034523,1,0,0,1,0,0,1,0
2022-09-03 12:32:45.864047,1,0,1,0,0,0,1,0
2022-09-03 12:33:45.995135,1,0,1,0,0,0,0,1
2022-09-03 12:34:46.126424,1,0,1,0,0,0,1,0
2022-09-03 12:36:46.208487,1,0,1,0,0,1,1,0
2022-09-03 12:38:16.282767,1,0,1,0,0,0,0,1
2022-09-03 12:39:21.715872,1,0,1,0,0,0,1,0
2022-09-03 12:43:27.710297,1,0,0,1,0,0,1,0
2022-09-03 12:46:42.700373,1,0,0,0,1,0,0,1
2022-09-03 12:48:12.885727,1,0,1,0,0,0,1,0
2022-09-03 12:49:42.985593,1,0,1,0,0,0,1,0
2022-09-03 12:55:15.358997,1,0,0,1,0,0,1,0
2022-09-03 12:56:46.411316,1,0,1,0,0,0,1,0
2022-09-03 12:58:32.470807,1,0,0,1,0,1,1,0
2022-09-03 13:00:17.730488,1,0,1,0,0,0,0,1
2022-09-03 13:02:47.817165,1,0,1,0,0,0,0,1
2022-09-03 13:04:18.044549,1,0,0,1,0,0,1,0
2022-09-03 13:05:48.036751,1,0,1,0,0,0,1,0
2022-09-03 13:08:48.040515,1,0,0,1,0,0,1,0
2022-09-03 13:11:18.265388,0,1,0,0,0,0,0,0
2022-09-03 13:12:48.352560,1,0,1,0,0,0,0,1
2022-09-03 13:13:48.297212,1,0,1,0,0,0,1,0
2022-09-03 13:15:48.314558,1,0,1,0,0,1,1,0
2022-09-03 13:16:48.350238,1,0,1,0,0,0,0,1
2022-09-03 13:17:48.437405,1,0,1,0,0,0,1,0
2022-09-03 13:19:48.631505,1,0,1,0,0,0,0,1
2022-09-03 13:21:48.629053,1,0,0,1,0,0,0,1
2022-09-03 13:23:48.776814,1,0,1,0,0,0,1,0
2022-09-03 13:25:30.061900,1,0,0,1,0,0,0,1
2022-09-03 13:26:18.948325,1,0,1,0,0,0,1,0
2022-09-03 13:27:49.052692,1,0,0,1,0,0,0,1
2022-09-03 13:29:19.221101,1,0,1,0,0,0,0,1
2022-09-03 13:30:18.955209,1,0,1,0,0,0,1,0
2022-09-03 13:40:19.759587,1,0,1,0,0,1,1,0
2022-09-03 13:42:53.682487,1,0,0,1,0,0,0,1
2022-09-03 13:44:19.946593,1,0,1,0,0,0,0,1
2022-09-03 13:45:49.850238,1,0,0,1,0,1,1,0
2022-09-03 13:47:19.958613,1,0,1,0,0,0,1,0
2022-09-03 13:48:20.030092,1,0,1,0,0,1,1,0
2022-09-03 13:49:50.078653,1,0,1,0,0,0,1,0
2022-09-03 13:51:50.161569,1,0,1,0,0,1,1,0
2022-09-03 13:53:20.182428,1,0,1,0,0,0,1,0
2022-09-03 13:56:20.279360,1,0,0,1,0,0,1,0
2022-09-03 13:57:50.410639,1,0,0,1,0,0,0,1
2022-09-03 14:00:20.774223,1,0,1,0,0,0,0,1
2022-09-03 14:03:20.661556,1,0,1,0,0,0,0,1
2022-09-03 14:05:20.902290,0,1,0,0,0,0,0,0
2022-09-03 14:07:51.088960,1,0,0,0,1,1,1,0
2022-09-03 14:09:51.653963,1,0,1,0,0,0,1,0
2022-09-03 14:12:28.875431,1,0,0,0,1,0,1,0
2022-09-03 14:27:53.793979,1,0,0,1,0,0,0,1
2022-09-03 14:29:21.926038,1,0,0,1,0,0,0,1
2022-09-03 14:30:21.916291,1,0,1,0,0,0,1,0
2022-09-03 14:33:52.159071,1,0,0,1,0,0,0,1
2022-09-03 14:35:52.426433,1,0,1,0,0,0,1,0
2022-09-03 14:38:52.783083,1,0,1,0,0,0,0,1
2022-09-03 14:39:52.485949,1,0,1,0,0,0,1,0
2022-09-03 14:41:52.431948,1,0,1,0,0,0,0,1
2022-09-03 14:45:52.822103,1,0,1,0,0,0,1,0
2022-09-03 14:49:52.772186,0,1,0,0,0,0,0,0
2022-09-03 14:50:53.045278,1,0,1,0,0,0,0,1
2022-09-03 14:52:22.927057,1,0,1,0,0,1,1,0
2022-09-03 14:55:25.474889,1,0,1,0,0,0,1,0
2022-09-03 14:57:23.133833,1,0,0,1,0,1,1,0
2022-09-03 14:58:53.963213,1,0,1,0,0,0,1,0
2022-09-03 15:01:53.436246,1,0,1,0,0,0,0,1
2022-09-03 15:57:55.953004,1,0,1,0,0,0,0,1
2022-09-03 16:00:56.240683,0,1,0,0,0,0,0,0
2022-09-03 16:01:56.304328,1,0,1,0,0,0,1,0
2022-09-03 16:06:31.276737,1,0,0,0,1,0,1,0
2022-09-03 16:10:26.468778,1,0,0,0,1,0,1,0
2022-09-03 16:12:26.560202,1,0,0,0,1,0,0,1
2022-09-03 16:14:56.749599,1,0,0,1,0,1,1,0
2022-09-03 16:17:26.939512,0,1,0,0,0,0,0,0
2022-09-03 16:19:27.396458,1,0,0,1,0,1,1,0
2022-09-03 16:21:27.091542,1,0,1,0,0,0,0,1
2022-09-03 16:23:27.015645,1,0,0,1,0,0,0,1
2022-09-03 16:26:01.154849,1,0,0,1,0,0,0,1
2022-09-03 16:28:01.286519,1,0,0,0,1,0,1,0
2022-09-03 16:28:57.387722,1,0,1,0,0,0,0,1
2022-09-03 16:30:09.652039,1,0,1,0,0,1,1,0
2022-09-03 16:32:27.659213,1,0,0,1,0,0,1,0
2022-09-03 16:33:32.049470,1,0,1,0,0,0,0,1
2022-09-03 16:35:57.802795,1,0,0,0,1,0,0,1
2022-09-03 16:39:28.206280,1,0,1,0,0,0,0,1
2022-09-03 16:41:27.950696,1,0,0,0,1,0,1,0
2022-09-03 16:42:27.992187,1,0,1,0,0,0,0,1
2022-09-03 16:46:32.585820,1,0,0,1,0,0,0,1
2022-09-03 16:48:32.606167,1,0,1,0,0,0,1,0
2022-09-03 16:50:02.719644,1,0,0,1,0,0,0,1
2022-09-03 16:54:05.509500,1,0,0,0,1,0,0,1
2022-09-03 16:55:02.894231,1,0,1,0,0,0,1,0
2022-09-03 16:56:33.187651,1,0,1,0,0,0,1,0
2022-09-03 16:58:35.683281,1,0,0,1,0,0,1,0
2022-09-03 16:59:33.745878,1,0,1,0,0,1,1,0
2022-09-03 17:01:11.421880,1,0,1,0,0,0,1,0
2022-09-03 17:03:03.285864,1,0,0,0,1,0,0,1
2022-09-03 17:04:33.484010,1,0,0,1,0,0,1,0
2022-09-03 17:06:03.401034,1,0,1,0,0,0,1,0
2022-09-03 17:07:33.569292,1,0,0,1,0,1,1,0
2022-09-03 17:09:06.015473,1,0,1,0,0,1,1,0
2022-09-03 17:11:03.614199,1,0,0,1,0,0,1,0
2022-09-03 17:12:33.695355,1,0,1,0,0,0,1,0
2022-09-03 17:13:33.742491,1,0,1,0,0,0,0,1
2022-09-03 17:15:03.956268,1,0,0,1,0,0,1,0
2022-09-03 17:16:04.052459,1,0,1,0,0,0,0,1
2022-09-03 17:39:52.715893,1,0,1,0,0,0,1,0
2022-09-03 17:40:35.107229,1,0,1,0,0,0,1,0
2022-09-03 17:42:51.237054,0,1,0,0,0,0,0,0
2022-09-03 17:46:05.352537,1,0,1,0,0,0,1,0
2022-09-03 17:47:35.370224,1,0,0,1,0,0,0,1
2022-09-03 17:48:35.278364,1,0,1,0,0,0,1,0
2022-09-03 17:50:43.366718,1,0,1,0,0,0,0,1
2022-09-03 17:52:05.608907,1,0,1,0,0,0,0,1
2022-09-03 17:54:05.732809,0,1,0,0,0,0,0,0
2022-09-03 17:55:35.641152,1,0,1,0,0,0,0,1
2022-09-03 17:56:35.669702,1,0,1,0,0,0,1,0
2022-09-03 17:58:05.757812,1,0,1,0,0,0,1,0
2022-09-03 18:00:06.038303,0,1,0,0,0,0,0,0
2022-09-03 18:02:05.951333,1,0,0,1,0,0,1,0
2022-09-03 18:03:36.062795,1,0,1,0,0,0,1,0
2022-09-03 18:05:36.257611,1,0,0,1,0,0,1,0
2022-09-03 18:07:36.180822,1,0,1,0,0,0,0,1
2022-09-03 18:09:06.272826,1,0,1,0,0,0,0,1
2022-09-03 18:10:36.486486,1,0,1,0,0,0,0,1
2022-09-03 18:11:36.353422,1,0,1,0,0,0,1,0
2022-09-03 18:13:36.590952,1,0,0,0,1,0,0,1
2022-09-03 18:15:36.509537,1,0,1,0,0,0,1,0
2022-09-03 18:17:06.525277,1,0,1,0,0,0,1,0
2022-09-03 18:20:41.197193,1,0,0,0,1,1,1,0
2022-09-03 18:22:06.982624,1,0,0,1,0,0,0,1
2022-09-03 18:23:36.992105,1,0,0,1,0,1,1,0
2022-09-03 18:26:37.155425,1,0,0,1,0,0,1,0
2022-09-03 18:29:15.103524,1,0,1,0,0,0,1,0
2022-09-03 18:31:37.863503,0,1,0,0,0,0,0,0
2022-09-03 18:33:07.398203,1,0,1,0,0,1,1,0
2022-09-03 18:35:07.495001,1,0,1,0,0,0,1,0
2022-09-03 18:39:07.674599,0,1,0,0,0,0,0,0
2022-09-03 18:40:07.591170,1,0,1,0,0,1,1,0
2022-09-03 18:42:37.742124,0,1,0,0,0,0,0,0
2022-09-03 18:45:37.990248,0,1,0,0,0,0,0,0
2022-09-03 18:46:38.037245,1,0,1,0,0,0,0,1
2022-09-03 18:47:38.066350,1,0,1,0,0,0,1,0
2022-09-03 18:51:08.807013,1,0,0,0,1,0,1,0
2022-09-03 18:53:09.057664,0,1,0,0,0,0,0,0
2022-09-03 18:56:10.049616,0,1,0,0,0,0,0,0
2022-09-03 18:57:10.121725,1,0,1,0,0,1,1,0
2022-09-03 18:58:41.252288,1,0,1,0,0,0,0,1
2022-09-03 19:00:10.376648,1,0,1,0,0,0,0,1
2022-09-03 19:01:10.311307,1,0,1,0,0,0,1,0
2022-09-03 19:02:45.817990,1,0,0,1,0,0,0,1
2022-09-03 19:07:41.059222,1,0,0,1,0,0,1,0
2022-09-03 19:08:40.806070,1,0,1,0,0,0,0,1
2022-09-03 19:10:10.806484,1,0,0,1,0,0,1,0
2022-09-03 19:17:11.138215,1,0,0,1,0,0,1,0
2022-09-03 19:20:11.612726,1,0,1,0,0,0,0,1
2022-09-03 19:23:11.903993,1,0,1,0,0,0,1,0
2022-09-03 19:24:41.276549,1,0,0,1,0,0,0,1
2022-09-03 19:25:41.275761,1,0,1,0,0,0,1,0
2022-09-03 19:26:41.930776,1,0,1,0,0,0,0,1
2022-09-03 19:28:41.543965,1,0,0,0,1,0,1,0
2022-09-03 19:31:41.722017,1,0,1,0,0,0,1,0
2022-09-03 19:33:11.625497,1,0,1,0,0,0,1,0
2022-09-03 19:34:41.789620,1,0,0,1,0,0,0,1
2022-09-03 19:35:41.834833,1,0,1,0,0,0,1,0
2022-09-03 19:37:41.934685,1,0,1,0,0,0,0,1
2022-09-03 19:39:43.418583,1,0,0,0,1,0,1,0
2022-09-03 19:40:42.094443,1,0,1,0,0,0,0,1
2022-09-03 19:43:47.998859,0,1,0,0,0,0,0,0
2022-09-03 19:49:42.343605,1,0,1,0,0,0,0,1
2022-09-03 19:51:12.452362,1,0,1,0,0,0,0,1
2022-09-03 19:53:12.745889,1,0,0,0,1,0,1,0
2022-09-03 19:55:42.940743,1,0,1,0,0,0,1,0
2022-09-03 19:59:43.016410,1,0,0,1,0,1,1,0
2022-09-03 20:01:12.946815,1,0,1,0,0,0,0,1
2022-09-03 20:02:13.052804,1,0,1,0,0,0,1,0
2022-09-03 20:03:43.240505,1,0,0,1,0,0,0,1
2022-09-03 20:05:43.186747,1,0,1,0,0,1,1,0
2022-09-03 20:07:43.425225,1,0,1,0,0,0,0,1
2022-09-03 20:08:43.392848,1,0,1,0,0,0,1,0
2022-09-03 20:10:13.508115,1,0,0,1,0,0,0,1
2022-09-03 20:11:13.535246,1,0,1,0,0,0,1,0
2022-09-03 20:12:13.608425,1,0,1,0,0,0,0,1
2022-09-03 20:13:13.689749,1,0,1,0,0,0,1,0
2022-09-03 20:15:13.582449,1,0,0,0,1,0,0,1
2022-09-03 20:16:13.828039,1,0,1,0,0,0,1,0
2022-09-03 20:17:13.774971,1,0,1,0,0,0,0,1
2022-09-03 20:18:17.573083,1,0,1,0,0,0,1,0
2022-09-03 20:19:43.949477,1,0,0,1,0,0,0,1
2022-09-03 20:23:43.945997,1,0,1,0,0,0,1,0
2022-09-03 20:28:44.164187,1,0,0,1,0,0,1,0
2022-09-03 20:30:44.245194,1,0,0,1,0,0,1,0
2022-09-03 20:32:14.392215,1,0,0,1,0,0,0,1
2022-09-03 20:34:14.395766,0,1,0,0,0,0,0,0
2022-09-03 20:35:14.589328,1,0,1,0,0,0,1,0
2022-09-03 20:36:44.706030,1,0,1,0,0,0,1,0
2022-09-03 20:39:49.993700,1,0,1,0,0,0,0,1
2022-09-03 20:41:23.017057,1,0,1,0,0,0,0,1
2022-09-03 20:44:07.504133,1,0,1,0,0,0,0,1
2022-09-03 20:45:37.617959,1,0,1,0,0,0,0,1
2022-09-03 20:46:37.597380,1,0,1,0,0,0,1,0
2022-09-03 20:48:37.667500,1,0,1,0,0,0,0,1
2022-09-03 20:49:37.878216,1,0,1,0,0,0,1,0
2022-09-03 20:50:37.838412,1,0,1,0,0,0,0,1
2022-09-03 20:53:38.035719,1,0,1,0,0,1,1,0
2022-09-03 20:56:38.180534,1,0,0,0,1,0,0,1
2022-09-03 20:59:08.143194,0,1,0,0,0,0,0,0
2022-09-03 21:01:08.233913,1,0,1,0,0,0,0,1
2022-09-03 21:02:08.478575,1,0,1,0,0,0,1,0
2022-09-03 21:03:41.090473,1,0,1,0,0,0,1,0
2022-09-03 21:04:38.509206,1,0,1,0,0,0,0,1
2022-09-03 21:05:38.447692,1,0,1,0,0,1,1,0
2022-09-03 21:08:38.555454,1,0,0,0,1,1,1,0
2022-09-03 21:10:08.733792,1,0,1,0,0,0,0,1
2022-09-03 21:12:08.898704,0,1,0,0,0,0,0,0
2022-09-03 21:15:08.832857,1,0,0,0,1,0,1,0
2022-09-03 21:17:09.124684,1,0,0,1,0,1,1,0
2022-09-03 21:18:39.032345,1,0,1,0,0,0,0,1
2022-09-03 21:20:39.255246,1,0,0,0,1,0,1,0
2022-09-03 21:25:09.420317,1,0,0,0,1,0,1,0
2022-09-03 21:27:09.596656,0,1,0,0,0,0,0,0
2022-09-03 21:29:09.511560,1,0,1,0,0,1,1,0
2022-09-04 07:55:11.959127,1,0,1,0,0,0,0,1
2022-09-04 07:57:41.829918,1,0,1,0,0,0,0,1
2022-09-04 07:59:42.024494,1,0,1,0,0,0,1,0
2022-09-04 08:01:11.947081,1,0,0,1,0,1,1,0
2022-09-04 08:02:51.458092,1,0,1,0,0,0,1,0
2022-09-04 08:03:42.043237,1,0,1,0,0,0,0,1
2022-09-04 08:05:42.309494,1,0,0,1,0,0,0,1
2022-09-04 08:07:12.428896,1,0,0,1,0,1,1,0
2022-09-04 08:09:12.452523,1,0,0,1,0,1,1,0
2022-09-04 08:11:42.428889,1,0,0,0,1,0,1,0
2022-09-04 08:14:12.760607,1,0,0,1,0,0,0,1
2022-09-04 08:17:42.700160,0,1,0,0,0,0,0,0
2022-09-04 08:19:12.798278,1,0,1,0,0,0,1,0
2022-09-04 08:20:43.013186,1,0,0,1,0,0,0,1
2022-09-04 08:21:43.025780,1,0,1,0,0,0,1,0
2022-09-04 08:23:17.531620,1,0,1,0,0,1,1,0
2022-09-04 08:25:43.165572,0,1,0,0,0,0,0,0
2022-09-04 08:28:13.320738,1,0,0,0,1,0,0,1
2022-09-04 08:29:16.084721,1,0,1,0,0,0,1,0
2022-09-04 08:33:14.324783,1,0,1,0,0,0,0,1
2022-09-04 08:36:43.539802,1,0,0,1,0,0,1,0
2022-09-04 08:38:50.840237,1,0,1,0,0,0,0,1
2022-09-04 08:40:13.836936,1,0,1,0,0,0,0,1
2022-09-04 08:44:33.568384,1,0,1,0,0,0,1,0
2022-09-04 08:46:14.579873,1,0,0,0,1,0,0,1
2022-09-04 08:47:14.184223,1,0,1,0,0,0,1,0
2022-09-04 08:51:22.282869,1,0,0,0,1,0,0,1
2022-09-04 08:53:14.192332,1,0,0,0,1,0,1,0
2022-09-04 08:54:44.417702,1,0,0,1,0,0,0,1
2022-09-04 08:56:17.873644,1,0,1,0,0,1,1,0
2022-09-04 08:58:44.697793,0,1,0,0,0,0,0,0
2022-09-04 09:00:44.714700,1,0,1,0,0,0,0,1
2022-09-04 09:02:14.708835,1,0,0,1,0,1,1,0
2022-09-04 09:03:44.629765,1,0,1,0,0,0,0,1
2022-09-04 09:05:44.777998,0,1,0,0,0,0,0,0
2022-09-04 09:07:44.947097,1,0,0,1,0,0,0,1
2022-09-04 09:10:15.039041,1,0,1,0,0,0,0,1
2022-09-04 09:12:15.399042,1,0,0,1,0,0,0,1
2022-09-04 09:13:45.237988,1,0,0,1,0,0,1,0
2022-09-04 13:47:35.375598,1,0,1,0,0,0,1,0
2022-09-04 13:50:35.398577,0,1,0,0,0,0,0,0
2022-09-04 13:51:35.540683,1,0,1,0,0,0,1,0
2022-09-04 13:59:05.892181,1,0,0,0,1,0,0,1
2022-09-04 14:01:05.876260,1,0,1,0,0,0,1,0
2022-09-04 14:02:36.036463,1,0,1,0,0,0,1,0
2022-09-04 14:04:06.110596,1,0,0,1,0,1,1,0
2022-09-04 14:06:06.289300,1,0,0,1,0,0,1,0
2022-09-04 14:08:06.604401,1,0,1,0,0,1,1,0
2022-09-04 14:10:06.454151,1,0,1,0,0,1,1,0
2022-09-04 14:12:36.600985,1,0,0,0,1,0,0,1
2022-09-04 14:13:36.478501,1,0,1,0,0,1,1,0
2022-09-04 14:19:06.863568,1,0,0,0,1,0,1,0
2022-09-04 14:20:36.921413,1,0,0,1,0,1,1,0
2022-09-04 14:21:36.812630,1,0,1,0,0,0,0,1
2022-09-04 14:23:06.910387,1,0,0,1,0,0,1,0
2022-09-04 14:24:42.289088,1,0,1,0,0,0,1,0
2022-09-04 14:26:37.050630,1,0,1,0,0,0,0,1
2022-09-04 14:28:07.768433,1,0,1,0,0,0,0,1
2022-09-04 14:29:37.320518,1,0,0,1,0,0,1,0
2022-09-04 14:32:14.116110,1,0,1,0,0,0,0,1
2022-09-04 14:33:14.252950,1,0,1,0,0,0,1,0
2022-09-04 14:34:14.343906,1,0,1,0,0,0,0,1
2022-09-04 14:37:44.309185,0,1,0,0,0,0,0,0
2022-09-04 14:38:44.349976,1,0,1,0,0,0,0,1
2022-09-04 14:39:44.545508,1,0,1,0,0,0,1,0
2022-09-04 14:40:44.569682,1,0,1,0,0,0,0,1
2022-09-04 14:42:44.530886,1,0,1,0,0,0,1,0
2022-09-04 14:44:44.773025,1,0,1,0,0,0,0,1
2022-09-04 14:46:44.802530,0,1,0,0,0,0,0,0
2022-09-04 14:48:15.332792,1,0,1,0,0,0,0,1
2022-09-04 14:49:44.719268,1,0,0,1,0,0,1,0
2022-09-04 14:51:14.848354,1,0,1,0,0,0,1,0
2022-09-04 14:52:45.008109,1,0,1,0,0,0,1,0
2022-09-04 14:54:14.903672,1,0,0,1,0,0,0,1
2022-09-04 14:56:45.525383,1,0,1,0,0,0,1,0
2022-09-04 14:57:46.563308,1,0,1,0,0,1,1,0
2022-09-04 14:59:47.703600,1,0,1,0,0,0,1,0
2022-09-04 15:02:21.364350,1,0,0,1,0,0,0,1
2022-09-04 15:04:22.768237,1,0,1,0,0,0,1,0
2022-09-04 15:07:01.656114,1,0,0,1,0,1,1,0
2022-09-04 15:09:37.105061,1,0,0,0,1,0,1,0
2022-09-04 15:11:36.938031,1,0,0,1,0,0,1,0
2022-09-04 15:13:07.016923,1,0,1,0,0,0,1,0
2022-09-04 15:14:07.078839,1,0,1,0,0,0,0,1
2022-09-04 15:18:37.139165,1,0,1,0,0,0,0,1
2022-09-04 15:19:37.635894,1,0,1,0,0,0,1,0
2022-09-04 15:21:07.085404,1,0,1,0,0,1,1,0
2022-09-04 15:23:17.991660,1,0,1,0,0,0,1,0
2022-09-04 15:25:07.403331,1,0,0,0,1,0,0,1
2022-09-04 15:26:37.475403,1,0,0,1,0,0,1,0
2022-09-04 15:27:37.343193,1,0,1,0,0,0,0,1
2022-09-04 15:29:07.582314,1,0,0,1,0,0,1,0
2022-09-04 15:33:07.935071,1,0,1,0,0,0,1,0
2022-09-04 15:34:44.287922,1,0,0,1,0,0,0,1
2022-09-04 15:36:38.040627,1,0,0,0,1,0,1,0
2022-09-04 15:38:08.778192,1,0,1,0,0,0,1,0
2022-09-04 15:39:08.876908,1,0,1,0,0,0,0,1
2022-09-04 15:41:09.198296,1,0,1,0,0,0,0,1
2022-09-04 15:42:39.308237,1,0,0,1,0,0,1,0
2022-09-04 15:43:39.061779,1,0,1,0,0,0,0,1
2022-09-04 15:44:41.208539,1,0,1,0,0,0,1,0
2022-09-04 15:46:39.155070,1,0,0,1,0,0,1,0
2022-09-04 15:47:39.315689,1,0,1,0,0,1,1,0
2022-09-04 15:48:39.334631,1,0,1,0,0,0,0,1
2022-09-04 15:49:45.162761,1,0,1,0,0,0,1,0
2022-09-04 15:52:10.486567,0,1,0,0,0,0,0,0
2022-09-04 15:53:40.542590,1,0,1,0,0,0,0,1
2022-09-04 15:56:40.608817,1,0,1,0,0,0,1,0
2022-09-04 15:57:40.583301,1,0,1,0,0,0,0,1
2022-09-04 15:59:40.793377,1,0,1,0,0,1,1,0
2022-09-04 16:02:10.886050,1,0,1,0,0,0,1,0
2022-09-04 16:07:10.953323,1,0,0,1,0,0,1,0
2022-09-04 16:08:41.076101,1,0,1,0,0,0,1,0
